0,1,2,3,4,5,6,7,8,9,10,11,12,13,14,15,16,17,18,19,20,21,22,23,24,25,26,27,28,29,30,31,32,33,34,35,36,37,38,39,40,41,42,43,44,45,46,47,48,49,50,51,52,53,54,55,56,57,58,59,60,61,62,63,64,65,66,67,68,69,70,71,72,73,74,75,76,77,78,79,80,81,82,83,84,85,86,87,88,89,90,91,92,93,94,95,96,97,98,99,100,101,102,103,104,105,106,107,108,109,110
2019-04-28,2019-05-10,2019-06-06,2019-06-08,2019-06-08,2019-06-13,2019-07-20,2019-07-23,2019-07-23,2019-08-02,2019-08-18,2019-08-23,2019-08-29,2019-09-22,2019-09-22,2019-10-09,2019-10-29,2019-10-30,2019-11-06,2019-11-09,2019-11-20,2020-01-01,2020-01-12,2020-01-12,2020-01-16,2020-01-19,2020-01-31,2020-02-02,2020-05-05,2020-08-03,2020-08-03,2020-08-24,2020-09-01,2020-09-12,2020-09-19,2020-09-29,2020-10-04,2020-10-26,2020-10-26,2020-11-08,2020-11-19,2021-01-19,2021-01-28,2021-03-29,2021-04-04,2021-04-09,2021-04-20,2021-05-01,2021-05-13,2021-05-17,2021-05-18,2021-06-09,2021-06-16,2021-06-18,2021-06-25,2021-07-13,2021-07-18,2021-07-23,2021-07-23,2021-08-27,2021-10-07,2021-12-22,2022-03-10,2022-03-19,2022-03-19,2022-04-07,2022-04-28,2022-10-01,2022-10-03,2022-11-24,2022-12-08,2022-12-21,2023-02-17,2023-03-07,2023-03-20,2023-03-21,2023-03-21,2023-04-06,2023-05-16,2023-05-19,2023-05-22,2023-06-01,2023-06-03,2023-06-12,2023-07-08,2023-07-17,2023-07-17,2023-08-02,2023-08-05,2023-08-09,2023-08-09,2023-08-11,2023-08-14,2023-10-07,2023-10-22,2023-10-26,2023-10-28,2023-11-28,2023-12-01,2023-12-01,2023-12-16,2023-12-18,2024-03-01,2024-03-03,2024-03-07,2024-03-22,,,,,
2019-04-26,2019-05-04,2019-05-28,2019-06-03,2019-06-04,2019-06-07,2019-06-07,2019-06-12,2019-06-22,2019-06-22,2019-07-19,2019-07-24,2019-08-06,2019-08-16,2019-08-30,2019-09-22,2019-10-07,2019-10-11,2019-10-11,2019-10-12,2019-10-24,2019-10-24,2019-11-14,2019-12-03,2019-12-08,2019-12-11,2020-01-04,2020-01-17,2020-01-28,2020-02-07,2020-02-09,2020-06-23,2020-06-23,2020-07-23,2020-08-24,2020-09-22,2020-10-06,2020-10-08,2020-10-08,2020-10-08,2020-10-13,2020-10-31,2020-11-18,2021-03-19,2021-03-20,2021-03-29,2021-03-31,2021-04-24,2021-04-26,2021-05-29,2021-06-12,2021-06-14,2021-06-29,2021-07-06,2021-07-11,2021-07-19,2021-07-19,2021-07-24,2021-07-25,2021-09-14,2021-09-30,2022-01-08,2022-01-16,2022-01-21,2022-02-17,2022-03-30,2022-05-27,2022-06-30,2022-07-12,2022-08-13,2022-08-19,2022-11-25,2022-12-06,2023-01-14,2023-02-02,2023-02-18,2023-02-21,2023-03-04,2023-03-22,2023-03-25,2023-03-29,2023-04-04,2023-05-03,2023-05-06,2023-05-09,2023-05-15,2023-05-24,2023-06-11,2023-06-16,2023-07-09,2023-07-12,2023-07-24,2023-07-30,2023-07-31,2023-08-12,2023-08-16,2023-08-23,2023-09-19,2023-10-07,2023-10-21,2023-11-10,2023-11-13,2023-11-15,2023-12-05,2023-12-12,2024-01-30,2024-02-09,2024-02-24,2024-02-25,2024-03-04,2024-03-11
2019-04-21,2019-05-14,2019-06-09,2019-06-14,2019-06-18,2019-07-13,2019-08-04,2019-08-11,2019-08-27,2019-09-20,2019-09-26,2019-10-01,2019-10-04,2019-10-12,2019-11-05,2019-11-10,2019-11-15,2019-11-24,2019-12-20,2019-12-29,2020-01-01,2020-01-04,2020-01-31,2020-02-10,2020-02-10,2020-05-06,2020-05-25,2020-07-25,2020-08-14,2020-08-31,2020-09-08,2020-09-22,2020-09-22,2020-09-26,2020-09-30,2020-10-18,2020-11-02,2020-11-23,2020-11-23,2021-01-12,2021-01-25,2021-01-25,2021-03-24,2021-04-04,2021-04-07,2021-04-24,2021-05-03,2021-05-08,2021-05-10,2021-05-31,2021-06-04,2021-06-18,2021-07-02,2021-07-17,2021-07-24,2021-07-25,2021-08-14,2021-09-11,2021-10-03,2021-10-23,2021-11-12,2022-03-24,2022-03-24,2022-04-23,2022-05-18,2022-07-06,2022-07-17,2022-07-24,2022-11-20,2023-01-12,2023-02-07,2023-02-26,2023-03-19,2023-03-24,2023-03-24,2023-04-12,2023-04-23,2023-04-24,2023-05-07,2023-05-18,2023-05-20,2023-05-24,2023-06-06,2023-07-09,2023-07-12,2023-07-21,2023-07-25,2023-07-27,2023-08-12,2023-08-14,2023-08-14,2023-09-18,2023-09-26,2023-09-28,2023-10-22,2023-11-14,2023-11-16,2023-11-23,2023-11-25,2023-12-05,2024-01-13,2024-01-26,2024-01-27,2024-02-14,2024-02-18,2024-02-27,2024-03-15,2024-03-17,2024-03-22,,
2019-07-03,2019-07-03,2019-07-03,2019-07-14,2019-07-24,2019-08-15,2019-08-20,2019-08-28,2019-09-07,2019-09-11,2019-09-28,2019-10-10,2019-10-30,2019-11-06,2019-11-17,2019-11-24,2019-12-03,2019-12-13,2020-01-09,2020-01-09,2020-01-19,2020-01-19,2020-04-24,2020-04-30,2020-05-30,2020-08-07,2020-08-19,2020-08-22,2020-08-25,2020-08-29,2020-09-03,2020-09-05,2020-10-02,2020-10-29,2020-10-29,2020-11-17,2020-11-27,2020-12-28,2021-02-26,2021-02-26,2021-03-29,2021-04-01,2021-04-14,2021-04-14,2021-04-28,2021-05-25,2021-05-30,2021-06-06,2021-06-16,2021-06-22,2021-06-28,2021-07-01,2021-07-02,2021-07-23,2021-09-05,2021-09-05,2021-09-21,2021-10-24,2021-10-31,2021-11-06,2021-11-24,2022-07-16,2022-09-13,2022-11-08,2022-11-10,2022-11-11,2022-11-16,2023-01-11,2023-02-06,2023-04-01,2023-04-06,2023-04-11,2023-04-28,2023-05-27,2023-06-26,2023-06-30,2023-07-05,2023-07-19,2023-08-01,2023-08-06,2023-08-08,2023-08-11,2023-08-15,2023-08-16,2023-09-30,2023-10-02,2023-10-06,2023-10-07,2023-10-08,2023-11-24,2023-12-17,2023-12-28,2024-01-26,2024-01-31,2024-02-09,2024-02-19,2024-03-06,2024-03-16,,,,,,,,,,,,,
2023-03-21,2023-03-25,2023-03-27,2023-04-01,2023-04-06,2023-04-12,2023-04-23,2023-04-26,2023-05-24,2023-05-31,2023-06-18,2023-07-24,2023-08-11,2023-08-29,2023-09-01,2023-12-08,2023-12-19,2023-12-26,2024-01-14,2024-01-18,2024-01-23,2024-02-13,2024-02-18,2024-03-18,2024-03-27,,,,,,,,,,,,,,,,,,,,,,,,,,,,,,,,,,,,,,,,,,,,,,,,,,,,,,,,,,,,,,,,,,,,,,,,,,,,,,,,,,,,,,
2024-01-18,2024-01-20,2024-01-22,2024-01-22,2024-01-26,2024-02-02,2024-02-10,2024-02-11,2024-03-29,2024-04-05,,,,,,,,,,,,,,,,,,,,,,,,,,,,,,,,,,,,,,,,,,,,,,,,,,,,,,,,,,,,,,,,,,,,,,,,,,,,,,,,,,,,,,,,,,,,,,,,,,,,,
,,,,,,,,,,,,,,,,,,,,,,,,,,,,,,,,,,,,,,,,,,,,,,,,,,,,,,,,,,,,,,,,,,,,,,,,,,,,,,,,,,,,,,,,,,,,,,,,,,,,,,,,,,,,,,
,,,,,,,,,,,,,,,,,,,,,,,,,,,,,,,,,,,,,,,,,,,,,,,,,,,,,,,,,,,,,,,,,,,,,,,,,,,,,,,,,,,,,,,,,,,,,,,,,,,,,,,,,,,,,,
,,,,,,,,,,,,,,,,,,,,,,,,,,,,,,,,,,,,,,,,,,,,,,,,,,,,,,,,,,,,,,,,,,,,,,,,,,,,,,,,,,,,,,,,,,,,,,,,,,,,,,,,,,,,,,
